<?xml version="1.0"?>
<doc>
    <assembly>
        "CarLib"
    </assembly>
    <members>
        <member name="M:FordEscape.SetRPM(System.UInt16,System.UInt32)">
            <summary>Sets the current RPM</summary>
        </member>
        <member name="M:FordEscape.SetSpeed(System.UInt16,System.UInt32)">
            <summary>Sets the current speed in KPH</summary>
        </member>
        <member name="M:FordEscape.SetAutoBrake(System.UInt16,System.UInt32)">
            <summary>XXX NOT IMPLEMENTED</summary>
        </member>
        <member name="M:FordEscape.GetAutoBrake">
            <summary>XXX NOT IMPLEMENTED</summary>
        </member>
        <member name="M:FordEscape.GetAutoPark">
            <summary>Gets the auto park state. Disabled: 0x00. Reduce Speed: 0x02. Searching: 0x04. Pull Forward: 0x08</summary>
        </member>
        <member name="M:FordEscape.GetCurrGear">
            <summary>Gets the current gear of the car. Park: 0x10. Reverse: 0x30. Neutral: 0x50. Drive: 0x70. Low: 0xC0</summary>
        </member>
        <member name="M:FordEscape.GetSteeringAngle">
            <summary>Gets the steering wheel angle. Range: 0x25C3 (counter clockwise) - 0x7661 (clockwise) [0x4D00 is centered]</summary>
        </member>
        <member name="M:FordEscape.GetGasPedalAngle">
            <summary>Gets the current gas pedal angle. Un-depressed: 00. Fully-depressed: 0x20</summary>
        </member>
        <member name="M:FordEscape.GetBrakeState">
            <summary>Get the current brake state. Engaged: 0x01. Dis-Engaged: 0x00</summary>
        </member>
        <member name="M:FordEscape.GetRPM">
            <summary>Gets the current RPM of the internal combustion engine</summary>
        </member>
        <member name="M:FordEscape.GetSpeed">
            <summary>Gets the current speed in MPH</summary>
        </member>
        <member name="M:ToyotaPrius.SetSteeringAngle(System.Int16,System.UInt32)">
            <summary>Sets the steering wheel angle. Range: 0x157 (counter clockwise) - 0xEA9 (clockwise) [0x0000 is centered]</summary>
        </member>
        <member name="M:ToyotaPrius.SetSpeed(System.UInt16,System.UInt32)">
            <summary>Sets the current speed in MPH</summary>
        </member>
        <member name="M:ToyotaPrius.SetRPM(System.UInt16,System.UInt32)">
            <summary>Sets the current speed in KPH</summary>
        </member>
        <member name="M:ToyotaPrius.SetAutoBrake(System.UInt16,System.UInt32)">
            <summary>Sets the brake pressure for the auto braking capability. Range 0xE000-0x0000 [Most-to-Least]</summary>
        </member>
        <member name="M:ToyotaPrius.GetAutoBrake">
            <summary>Gets the brake pressure for the auto braking capability. Range 0xE000-0x0000 [Most-to-Least]</summary>
        </member>
        <member name="M:ToyotaPrius.GetAutoPark">
            <summary>Gets the auto park state. Enabled: 0x30. Disabled: 0x10</summary>
        </member>
        <member name="M:ToyotaPrius.GetCurrGear">
            <summary>Gets the current gear of the car. Park: 0x00. Reverse: 0x10. Neutral: 0x20. Drive: 0x30. Engine Brake: 0x40</summary>
        </member>
        <member name="M:ToyotaPrius.GetSteeringAngle">
            <summary>Gets the steering wheel angle. Range: 0x157 (counter clockwise) - 0xEA9 (clockwise) [0x0000 is centered]</summary>
        </member>
        <member name="M:ToyotaPrius.GetGasPedalAngle">
            <summary>Gets the current gas pedal angle. Un-depressed: 00. Fully-depressed: 0xC8</summary>
        </member>
        <member name="M:ToyotaPrius.GetBrakeState">
            <summary>Get the current brake state. Engaged: 0x04. Locked: 0x0A. Dis-Engaged: 0x00</summary>
        </member>
        <member name="M:ToyotaPrius.GetRPM">
            <summary>Gets the current RPM of the internal combustion engine</summary>
        </member>
        <member name="M:ToyotaPrius.GetSpeed">
            <summary>Gets the current speed in MPH</summary>
        </member>
        <member name="M:ToyotaPrius.AddChecksum(SFFMessage*)">
            <summary>A function that will add the byte-rounded checksum at the last slot in the sff-&gt;data[] array</summary>
        </member>
        <member name="M:FordEscape.#ctor">
            <summary>Ford Escape constructor. This must be called before any other instance methods.</summary>
        </member>
        <member name="M:ToyotaPrius.#ctor">
            <summary>Toyota Prius constructor. This must be called before any instance methods.</summary>
        </member>
    </members>
</doc>